Country	Long	Lat	Count	GG1	GG2	GG3	GG4	GG5	GG6	GG7	GG8
Afghanistan	34.33463	65.924811	7	0	0	0	0	0	7	0	0
Algeria	29.074992	2.535604	2	0	0	1	1	0	0	0	0
Bangladesh	23.983369	90.176647	2	0	1	0	1	0	0	0	0
Brazil	-9.31147	-48.8586	5	0	0	0	0	0	0	0	5
Canada	57.596466	-103.391711	15	0	0	0	0	0	0	0	15
Chile	-34.617996	-71.575304	7	0	0	1	0	0	0	6	0
Czech_Republic	49.906949	15.315223	3	0	0	0	0	1	0	0	2
Egypt	26.313642	30.06316	8	2	1	0	1	2	0	0	2
Ethiopia	8.013388	39.604882	13	0	1	1	3	5	2	0	1
France	47.102804	2.23523	2	0	0	0	0	0	0	0	2
Germany	51.319414	10.167359	2	0	0	0	0	0	0	0	2
Greece	39.235394	21.900757	6	0	1	0	0	1	1	2	1
Guatemala	15.4701	-90.225045	2	0	0	0	0	0	0	2	0
Hungary	47.207237	19.69424	1	0	0	0	0	0	0	0	1
India	21.345411	78.984954	19	0	1	0	15	1	0	1	1
Iran	32.79873	54.241965	40	13	0	19	0	0	6	0	2
Italy	43.329877	12.510003	1	1	0	0	0	0	0	0	0
Jordan	31.110008	36.351031	8	0	0	1	1	5	0	1	0
Lebanon	33.979403	35.778597	2	1	0	0	0	0	1	0	0
Libya	28.182311	16.954133	2	0	0	0	0	0	0	0	2
Macedonia	41.646263	21.620249	2	0	0	0	0	0	0	0	2
Mexico	20.293656	-100.40448	2	0	0	0	0	0	0	0	2
Montenegro	42.801894	19.194826	1	0	0	0	0	0	0	0	1
Morocco	32.285583	-6.426783	3	0	0	0	0	1	0	0	2
Norway	61.147725	9.175922	1	1	0	0	0	0	0	0	0
Pakistan	29.307868	68.954777	7	0	0	0	7	0	0	0	0
Peru	-9.088323	-75.716097	1	0	0	0	0	0	0	1	0
Portugal	39.886652	-8.705523	2	0	0	0	0	0	0	1	1
Russia	63.949125	85.126985	2	1	0	0	0	0	0	0	1
Serbia	44.356884	20.846454	1	0	0	0	0	0	0	1	0
Spain	40.290868	-3.431363	2	0	0	0	0	0	0	1	1
Syria	35.189603	38.541351	11	0	3	0	1	3	0	3	1
Tajikistan	38.93596	70.967146	1	0	0	0	0	0	1	0	0
Tunisia	34.310143	9.199363	4	0	0	0	0	0	1	3	0
Turkey	39.330922	35.669049	9	1	3	0	0	0	1	1	3
Ukraine	49.354148	31.507613	1	0	0	0	0	0	0	0	1
United_Kingdom	52.925538	-1.62574	1	0	0	0	0	0	1	0	0
USA	39.880246	-97.93725	1	0	0	0	0	0	0	1	0
Uzbekistan	41.688853	63.687499	1	0	0	0	0	0	1	0	0
Yemen	15.480491	47.564354	2	0	0	0	0	2	0	0	0
